Package,File,Feature,Technology,No. indicators found,Indicator Type,Confidence
,,,,,Importing,0.3
,,,,,TypeUsage,0.9
,,,,,TypeUsage,0.9
main.java.de.uni_hamburg.informatik.swk.masterprojekt.decisionbuddy.util,AuthorityListEditor.java,PersistentBag,Hibernate,3,->,0.8
,,,,,Importing,0.3
,,,,,Annotation,0.9
,,,,,Annotation,0.9
main.java.de.uni_hamburg.informatik.swk.masterprojekt.decisionbuddy.util,ConstraintProposer.java,Autowiring,Spring Beans,3,->,0.8
,,,,,TypeUsage,0.9
,,,,,Importing,0.3
,,,,,TypeUsage,0.9
,,,,,TypeUsage,0.9
,,,,,TypeUsage,0.9
,,,,,TypeUsage,0.9
,,,,,TypeUsage,0.9
,,,,,TypeUsage,0.9
main.java.de.uni_hamburg.informatik.swk.masterprojekt.decisionbuddy.util.analysisdata,ImporterSonargraph.java,Session,Hibernate,8,->,0.883333
,,,,,Importing,0.3
,,,,,Calling,0.8
,,,,,Calling,0.8
,,,,,Calling,0.8
,,,,,Calling,0.8
main.java.de.uni_hamburg.informatik.swk.masterprojekt.decisionbuddy.util.analysisdata,ImporterSonargraph.java,Transactions,Hibernate,5,->,0.8
,,,,,Importing,0.3
,,,,,TypeUsage,0.9
,,,,,TypeUsage,0.9
main.java.de.uni_hamburg.informatik.swk.masterprojekt.decisionbuddy.util.analysisdata,ImporterSonargraph.java,SessionFactory,Hibernate,3,->,0.8
,,,,,Importing,0.3
,,,,,Annotation,0.9
,,,,,Annotation,0.9
,,,,,Annotation,0.9
,,,,,Annotation,0.9
,,,,,Annotation,0.9
main.java.de.uni_hamburg.informatik.swk.masterprojekt.decisionbuddy.util.analysisdata,ImporterSonargraph.java,Autowiring,Spring Beans,6,->,0.866667
,,,,,Importing,0.3
,,,,,Annotation,0.9
,,,,,Annotation,0.9
,,,,,Annotation,0.9
main.java.de.uni_hamburg.informatik.swk.masterprojekt.decisionbuddy.util.analysisdata,ImporterFactory.java,Autowiring,Spring Beans,4,->,0.833333
,,,,,Importing,0.3
,,,,,Annotation,0.9
,,,,,Annotation,0.9
,,,,,Annotation,0.9
main.java.de.uni_hamburg.informatik.swk.masterprojekt.decisionbuddy.util.analysisdata,ImporterDecisionBuddyAnalyzer.java,Autowiring,Spring Beans,4,->,0.833333
,,,,,Importing,0.3
,,,,,Annotation,0.9
,,,,,Annotation,0.9
,,,,,Annotation,0.9
,,,,,Annotation,0.9
,,,,,Annotation,0.9
,,,,,Annotation,0.9
,,,,,Annotation,0.9
,,,,,Annotation,0.9
,,,,,Annotation,0.9
main.java.de.uni_hamburg.informatik.swk.masterprojekt.decisionbuddy.util.analysisdata,ImporterPinot.java,Autowiring,Spring Beans,10,->,0.893333
,,,,,Importing,0.3
,,,,,Annotation,0.9
main.java.de.uni_hamburg.informatik.swk.masterprojekt.decisionbuddy.util,SolutionUsageStatistics.java,Autowiring,Spring Beans,2,->,0.733333
,,,,,Importing,0.3
,,,,,Annotation,0.9
main.java.de.uni_hamburg.informatik.swk.masterprojekt.decisionbuddy.util,SolutionRater.java,Autowiring,Spring Beans,2,->,0.733333
,,,,,Importing,0.3
,,,,,Annotation,0.9
main.java.de.uni_hamburg.informatik.swk.masterprojekt.decisionbuddy.util,AuthorityEditor.java,Autowiring,Spring Beans,2,->,0.733333
,,,,,Importing,0.3
,,,,,Annotation,0.9
,,,,,Annotation,0.9
main.java.de.uni_hamburg.informatik.swk.masterprojekt.decisionbuddy.util,AuthenticationProviderImpl.java,Autowiring,Spring Beans,3,->,0.8
,,,,,Importing,0.3
,,,,,Annotation,0.9
,,,,,Annotation,0.9
main.java.de.uni_hamburg.informatik.swk.masterprojekt.decisionbuddy.util,HelperFunctions.java,Autowiring,Spring Beans,3,->,0.8
,,,,,Importing,0.3
,,,,,TypeUsage,0.9
,,,,,TypeUsage,0.9
,,,,,TypeUsage,0.9
,,,,,TypeUsage,0.9
,,,,,TypeUsage,0.9
,,,,,TypeUsage,0.9
,,,,,TypeUsage,0.9
main.java.de.uni_hamburg.informatik.swk.masterprojekt.decisionbuddy.config.testing,ControllerTestConfig.java,EntityManagerFactory,JPA,8,->,0.883333
,,,,,Importing,0.3
,,,,,TypeUsage,0.9
,,,,,TypeUsage,0.9
,,,,,TypeUsage,0.9
main.java.de.uni_hamburg.informatik.swk.masterprojekt.decisionbuddy.config.testing,ControllerTestConfig.java,SessionFactory,Hibernate,4,->,0.833333
,,,,,Importing,0.3
,,,,,TypeUsage,0.9
,,,,,TypeUsage,0.9
,,,,,TypeUsage,0.9
,,,,,TypeUsage,0.9
,,,,,TypeUsage,0.9
main.java.de.uni_hamburg.informatik.swk.masterprojekt.decisionbuddy.config.testing,DatabaseTestConfig.java,DataSource,Java SQL,6,->,0.866667
,,,,,Importing,0.3
,,,,,Annotation,0.9
main.java.de.uni_hamburg.informatik.swk.masterprojekt.decisionbuddy.config.testing,DatabaseTestConfig.java,Autowiring,Spring Beans,2,->,0.733333
,,,,,Importing,0.3
,,,,,TypeUsage,0.9
,,,,,TypeUsage,0.9
,,,,,TypeUsage,0.9
,,,,,TypeUsage,0.9
,,,,,TypeUsage,0.9
main.java.de.uni_hamburg.informatik.swk.masterprojekt.decisionbuddy.config.testing,SecurityTestConfig.java,EntityManagerFactory,JPA,6,->,0.866667
,,,,,Importing,0.3
,,,,,TypeUsage,0.9
,,,,,TypeUsage,0.9
,,,,,TypeUsage,0.9
,,,,,TypeUsage,0.9
,,,,,TypeUsage,0.9
,,,,,TypeUsage,0.9
,,,,,TypeUsage,0.9
main.java.de.uni_hamburg.informatik.swk.masterprojekt.decisionbuddy.config.testing,ServiceTestConfig.java,EntityManagerFactory,JPA,8,->,0.883333
,,,,,Importing,0.3
,,,,,TypeUsage,0.9
,,,,,TypeUsage,0.9
,,,,,TypeUsage,0.9
main.java.de.uni_hamburg.informatik.swk.masterprojekt.decisionbuddy.config.testing,ServiceTestConfig.java,SessionFactory,Hibernate,4,->,0.833333
,,,,,Importing,0.3
,,,,,TypeUsage,0.9
,,,,,TypeUsage,0.9
main.java.de.uni_hamburg.informatik.swk.masterprojekt.decisionbuddy.config.production,WebAppSecurityConfig.java,DataSource,Java SQL,3,->,0.8
,,,,,Importing,0.3
,,,,,Annotation,0.9
,,,,,Annotation,0.9
main.java.de.uni_hamburg.informatik.swk.masterprojekt.decisionbuddy.config.production,WebAppSecurityConfig.java,Autowiring,Spring Beans,3,->,0.8
,,,,,Importing,0.3
,,,,,TypeUsage,0.9
,,,,,TypeUsage,0.9
,,,,,TypeUsage,0.9
,,,,,TypeUsage,0.9
,,,,,TypeUsage,0.9
,,,,,TypeUsage,0.9
main.java.de.uni_hamburg.informatik.swk.masterprojekt.decisionbuddy.config.production,DatabaseConfig.java,DataSource,Java SQL,7,->,0.876191
,,,,,Importing,0.3
,,,,,TypeUsage,0.9
,,,,,TypeUsage,0.9
,,,,,TypeUsage,0.9
,,,,,TypeUsage,0.9
,,,,,TypeUsage,0.9
,,,,,TypeUsage,0.9
,,,,,TypeUsage,0.9
,,,,,TypeUsage,0.9
main.java.de.uni_hamburg.informatik.swk.masterprojekt.decisionbuddy.config.production,DatabaseConfig.java,EntityManagerFactory,JPA,9,->,0.888889
,,,,,Importing,0.3
,,,,,Annotation,0.9
main.java.de.uni_hamburg.informatik.swk.masterprojekt.decisionbuddy.config.production,DatabaseConfig.java,Autowiring,Spring Beans,2,->,0.733333
,,,,,Importing,0.3
,,,,,Annotation,0.9
main.java.de.uni_hamburg.informatik.swk.masterprojekt.decisionbuddy.model,Project.java,Generation of values for simple identifiers,JPA,2,->,0.733333
,,,,,Importing,0.3
,,,,,Annotation,0.9
main.java.de.uni_hamburg.informatik.swk.masterprojekt.decisionbuddy.model,Project.java,Specifying Primary Tables for Entities,JPA,2,->,0.733333
,,,,,Importing,0.3
,,,,,Annotation,0.9
,,,,,Annotation,0.9
,,,,,Annotation,0.9
,,,,,Annotation,0.9
,,,,,Annotation,0.9
,,,,,Annotation,0.9
,,,,,Annotation,0.9
main.java.de.uni_hamburg.informatik.swk.masterprojekt.decisionbuddy.model,Project.java,Specifying Columns for fields,JPA,8,->,0.883333
,,,,,Importing,0.3
,,,,,Annotation,0.9
main.java.de.uni_hamburg.informatik.swk.masterprojekt.decisionbuddy.model,Project.java,Entities,JPA,2,->,0.733333
,,,,,Importing,0.3
,,,,,Annotation,0.9
main.java.de.uni_hamburg.informatik.swk.masterprojekt.decisionbuddy.model,Project.java,Specifying IDs for Entities,JPA,2,->,0.733333
,,,,,Importing,0.3
,,,,,Annotation,0.9
main.java.de.uni_hamburg.informatik.swk.masterprojekt.decisionbuddy.model,ElementFramework.java,Generation of values for simple identifiers,JPA,2,->,0.733333
,,,,,Importing,0.3
,,,,,Annotation,0.9
main.java.de.uni_hamburg.informatik.swk.masterprojekt.decisionbuddy.model,ElementFramework.java,Mapping Enums by Ordinal,JPA,2,->,0.733333
,,,,,Importing,0.3
,,,,,Annotation,0.9
main.java.de.uni_hamburg.informatik.swk.masterprojekt.decisionbuddy.model,ElementFramework.java,Specifying Primary Tables for Entities,JPA,2,->,0.733333
,,,,,Importing,0.3
,,,,,Annotation,0.9
,,,,,Annotation,0.9
main.java.de.uni_hamburg.informatik.swk.masterprojekt.decisionbuddy.model,ElementFramework.java,Joining Columns for Entities,JPA,3,->,0.8
,,,,,Importing,0.3
,,,,,Annotation,0.9
,,,,,Annotation,0.9
main.java.de.uni_hamburg.informatik.swk.masterprojekt.decisionbuddy.model,ElementFramework.java,Eager Relations Fetching,JPA,3,->,0.8
,,,,,Importing,0.3
,,,,,Annotation,0.9
,,,,,Annotation,0.9
,,,,,Annotation,0.9
,,,,,Annotation,0.9
,,,,,Annotation,0.9
main.java.de.uni_hamburg.informatik.swk.masterprojekt.decisionbuddy.model,ElementFramework.java,Specifying Columns for fields,JPA,6,->,0.866667
,,,,,Importing,0.3
,,,,,Annotation,0.9
main.java.de.uni_hamburg.informatik.swk.masterprojekt.decisionbuddy.model,ElementFramework.java,Entities,JPA,2,->,0.733333
,,,,,Importing,0.3
,,,,,Annotation,0.9
main.java.de.uni_hamburg.informatik.swk.masterprojekt.decisionbuddy.model,ElementFramework.java,Specifying IDs for Entities,JPA,2,->,0.733333
,,,,,Importing,0.3
,,,,,Annotation,0.9
main.java.de.uni_hamburg.informatik.swk.masterprojekt.decisionbuddy.model,ElementFramework.java,Mapping Enums,JPA,2,->,0.733333
,,,,,Importing,0.3
,,,,,Annotation,0.9
main.java.de.uni_hamburg.informatik.swk.masterprojekt.decisionbuddy.model,Property.java,Generation of values for simple identifiers,JPA,2,->,0.733333
,,,,,Importing,0.3
,,,,,Annotation,0.9
main.java.de.uni_hamburg.informatik.swk.masterprojekt.decisionbuddy.model,Property.java,Specifying Primary Tables for Entities,JPA,2,->,0.733333
,,,,,Importing,0.3
,,,,,Annotation,0.9
,,,,,Annotation,0.9
,,,,,Annotation,0.9
main.java.de.uni_hamburg.informatik.swk.masterprojekt.decisionbuddy.model,Property.java,Specifying Columns for fields,JPA,4,->,0.833333
,,,,,Importing,0.3
,,,,,Annotation,0.9
main.java.de.uni_hamburg.informatik.swk.masterprojekt.decisionbuddy.model,Property.java,Entities,JPA,2,->,0.733333
,,,,,Importing,0.3
,,,,,Annotation,0.9
main.java.de.uni_hamburg.informatik.swk.masterprojekt.decisionbuddy.model,Property.java,Specifying IDs for Entities,JPA,2,->,0.733333
,,,,,Importing,0.3
,,,,,Annotation,0.9
main.java.de.uni_hamburg.informatik.swk.masterprojekt.decisionbuddy.model,QualityGoal.java,Generation of values for simple identifiers,JPA,2,->,0.733333
,,,,,Importing,0.3
,,,,,Annotation,0.9
main.java.de.uni_hamburg.informatik.swk.masterprojekt.decisionbuddy.model,QualityGoal.java,Specifying Primary Tables for Entities,JPA,2,->,0.733333
,,,,,Importing,0.3
,,,,,Annotation,0.9
,,,,,Annotation,0.9
main.java.de.uni_hamburg.informatik.swk.masterprojekt.decisionbuddy.model,QualityGoal.java,Specifying Columns for fields,JPA,3,->,0.8
,,,,,Importing,0.3
,,,,,Annotation,0.9
main.java.de.uni_hamburg.informatik.swk.masterprojekt.decisionbuddy.model,QualityGoal.java,Entities,JPA,2,->,0.733333
,,,,,Importing,0.3
,,,,,Annotation,0.9
main.java.de.uni_hamburg.informatik.swk.masterprojekt.decisionbuddy.model,QualityGoal.java,Specifying IDs for Entities,JPA,2,->,0.733333
,,,,,Importing,0.3
,,,,,Annotation,0.9
main.java.de.uni_hamburg.informatik.swk.masterprojekt.decisionbuddy.model,Solution.java,Generation of values for simple identifiers,JPA,2,->,0.733333
,,,,,Importing,0.3
,,,,,Annotation,0.9
,,,,,Annotation,0.9
main.java.de.uni_hamburg.informatik.swk.masterprojekt.decisionbuddy.model,Solution.java,Cascade all operations,JPA,3,->,0.8
,,,,,Importing,0.3
,,,,,Annotation,0.9
main.java.de.uni_hamburg.informatik.swk.masterprojekt.decisionbuddy.model,Solution.java,Mapping Joined Table Inheritance,JPA,2,->,0.733333
,,,,,Importing,0.3
,,,,,Annotation,0.9
main.java.de.uni_hamburg.informatik.swk.masterprojekt.decisionbuddy.model,Solution.java,Specifying Primary Tables for Entities,JPA,2,->,0.733333
,,,,,Annotation,0.9
main.java.de.uni_hamburg.informatik.swk.masterprojekt.decisionbuddy.model,Solution.java,Collection Fetching (Immediate),Hibernate,1,->,0.933333
,,,,,Importing,0.3
,,,,,Annotation,0.9
,,,,,Annotation,0.9
,,,,,Annotation,0.9
,,,,,Annotation,0.9
,,,,,Annotation,0.9
,,,,,Annotation,0.9
,,,,,Annotation,0.9
,,,,,Annotation,0.9
main.java.de.uni_hamburg.informatik.swk.masterprojekt.decisionbuddy.model,Solution.java,Specifying Columns for fields,JPA,9,->,0.888889
,,,,,Importing,0.3
,,,,,Annotation,0.9
main.java.de.uni_hamburg.informatik.swk.masterprojekt.decisionbuddy.model,Solution.java,Entities,JPA,2,->,0.733333
,,,,,Importing,0.3
,,,,,Annotation,0.9
,,,,,Annotation,0.9
,,,,,Annotation,0.9
main.java.de.uni_hamburg.informatik.swk.masterprojekt.decisionbuddy.model,Solution.java,Defining non-persistent properties or fields,JPA,4,->,0.833333
,,,,,Importing,0.3
,,,,,Annotation,0.9
main.java.de.uni_hamburg.informatik.swk.masterprojekt.decisionbuddy.model,Solution.java,Specifying IDs for Entities,JPA,2,->,0.733333
,,,,,Importing,0.3
,,,,,Annotation,0.9
main.java.de.uni_hamburg.informatik.swk.masterprojekt.decisionbuddy.model,Solution.java,Mapping Inheritance,JPA,2,->,0.733333
,,,,,Importing,0.3
,,,,,Annotation,0.9
main.java.de.uni_hamburg.informatik.swk.masterprojekt.decisionbuddy.model,Solution.java,Joining Tables for Entities,JPA,2,->,0.733333
,,,,,Importing,0.3
,,,,,Annotation,0.9
main.java.de.uni_hamburg.informatik.swk.masterprojekt.decisionbuddy.model,Refactoring.java,Specifying Primary Tables for Entities,JPA,2,->,0.733333
,,,,,Importing,0.3
,,,,,Annotation,0.9
main.java.de.uni_hamburg.informatik.swk.masterprojekt.decisionbuddy.model,Refactoring.java,Joining Columns for Entities,JPA,2,->,0.733333
,,,,,Importing,0.3
,,,,,Annotation,0.9
main.java.de.uni_hamburg.informatik.swk.masterprojekt.decisionbuddy.model,Refactoring.java,Eager Relations Fetching,JPA,2,->,0.733333
,,,,,Importing,0.3
,,,,,Annotation,0.9
,,,,,Annotation,0.9
,,,,,Annotation,0.9
,,,,,Annotation,0.9
main.java.de.uni_hamburg.informatik.swk.masterprojekt.decisionbuddy.model,Refactoring.java,Specifying Columns for fields,JPA,5,->,0.853333
,,,,,Importing,0.3
,,,,,Annotation,0.9
main.java.de.uni_hamburg.informatik.swk.masterprojekt.decisionbuddy.model,Refactoring.java,Entities,JPA,2,->,0.733333
,,,,,Importing,0.3
,,,,,Annotation,0.9
main.java.de.uni_hamburg.informatik.swk.masterprojekt.decisionbuddy.model,Refactoring.java,n-1 Associations,JPA,2,->,0.733333
,,,,,Importing,0.3
,,,,,Annotation,0.9
main.java.de.uni_hamburg.informatik.swk.masterprojekt.decisionbuddy.model,User.java,Cascade all operations,JPA,2,->,0.733333
,,,,,Importing,0.3
,,,,,Annotation,0.9
main.java.de.uni_hamburg.informatik.swk.masterprojekt.decisionbuddy.model,User.java,Specifying Primary Tables for Entities,JPA,2,->,0.733333
,,,,,Importing,0.3
,,,,,Annotation,0.9
main.java.de.uni_hamburg.informatik.swk.masterprojekt.decisionbuddy.model,User.java,Eager Relations Fetching,JPA,2,->,0.733333
,,,,,Annotation,0.9
main.java.de.uni_hamburg.informatik.swk.masterprojekt.decisionbuddy.model,User.java,Collection Fetching (Immediate),Hibernate,1,->,0.933333
,,,,,Importing,0.3
,,,,,Annotation,0.9
,,,,,Annotation,0.9
,,,,,Annotation,0.9
main.java.de.uni_hamburg.informatik.swk.masterprojekt.decisionbuddy.model,User.java,Specifying Columns for fields,JPA,4,->,0.833333
,,,,,Importing,0.3
,,,,,Annotation,0.9
main.java.de.uni_hamburg.informatik.swk.masterprojekt.decisionbuddy.model,User.java,Entities,JPA,2,->,0.733333
,,,,,Importing,0.3
,,,,,Annotation,0.9
main.java.de.uni_hamburg.informatik.swk.masterprojekt.decisionbuddy.model,User.java,Specifying IDs for Entities,JPA,2,->,0.733333
,,,,,Importing,0.3
,,,,,Annotation,0.9
main.java.de.uni_hamburg.informatik.swk.masterprojekt.decisionbuddy.model,User.java,m-n Associations,JPA,2,->,0.733333
,,,,,Importing,0.3
,,,,,Annotation,0.9
main.java.de.uni_hamburg.informatik.swk.masterprojekt.decisionbuddy.model,User.java,Joining Tables for Entities,JPA,2,->,0.733333
,,,,,Importing,0.3
,,,,,Annotation,0.9
main.java.de.uni_hamburg.informatik.swk.masterprojekt.decisionbuddy.model,DesignPattern.java,Specifying Primary Tables for Entities,JPA,2,->,0.733333
,,,,,Importing,0.3
,,,,,Annotation,0.9
main.java.de.uni_hamburg.informatik.swk.masterprojekt.decisionbuddy.model,DesignPattern.java,Joining Columns for Entities,JPA,2,->,0.733333
,,,,,Importing,0.3
,,,,,Annotation,0.9
main.java.de.uni_hamburg.informatik.swk.masterprojekt.decisionbuddy.model,DesignPattern.java,Eager Relations Fetching,JPA,2,->,0.733333
,,,,,Importing,0.3
,,,,,Annotation,0.9
,,,,,Annotation,0.9
,,,,,Annotation,0.9
,,,,,Annotation,0.9
,,,,,Annotation,0.9
,,,,,Annotation,0.9
,,,,,Annotation,0.9
,,,,,Annotation,0.9
,,,,,Annotation,0.9
,,,,,Annotation,0.9
,,,,,Annotation,0.9
,,,,,Annotation,0.9
,,,,,Annotation,0.9
main.java.de.uni_hamburg.informatik.swk.masterprojekt.decisionbuddy.model,DesignPattern.java,Specifying Columns for fields,JPA,14,->,0.904762
,,,,,Importing,0.3
,,,,,Annotation,0.9
main.java.de.uni_hamburg.informatik.swk.masterprojekt.decisionbuddy.model,DesignPattern.java,Entities,JPA,2,->,0.733333
,,,,,Annotation,0.9
main.java.de.uni_hamburg.informatik.swk.masterprojekt.decisionbuddy.model,DesignPattern.java,Loading (Eager),Hibernate,1,->,0.933333
,,,,,Importing,0.3
,,,,,Annotation,0.9
main.java.de.uni_hamburg.informatik.swk.masterprojekt.decisionbuddy.model,DesignPattern.java,n-1 Associations,JPA,2,->,0.733333
,,,,,Importing,0.3
,,,,,Annotation,0.9
main.java.de.uni_hamburg.informatik.swk.masterprojekt.decisionbuddy.model,Issue.java,Generation of values for simple identifiers,JPA,2,->,0.733333
,,,,,Importing,0.3
,,,,,Annotation,0.9
,,,,,Annotation,0.9
,,,,,Annotation,0.9
main.java.de.uni_hamburg.informatik.swk.masterprojekt.decisionbuddy.model,Issue.java,Cascade all operations,JPA,4,->,0.833333
,,,,,Importing,0.3
,,,,,Annotation,0.9
main.java.de.uni_hamburg.informatik.swk.masterprojekt.decisionbuddy.model,Issue.java,Specifying Primary Tables for Entities,JPA,2,->,0.733333
,,,,,Importing,0.3
,,,,,Annotation,0.9
main.java.de.uni_hamburg.informatik.swk.masterprojekt.decisionbuddy.model,Issue.java,Joining Columns for Entities,JPA,2,->,0.733333
,,,,,Importing,0.3
,,,,,Annotation,0.9
,,,,,Annotation,0.9
,,,,,Annotation,0.9
main.java.de.uni_hamburg.informatik.swk.masterprojekt.decisionbuddy.model,Issue.java,Eager Relations Fetching,JPA,4,->,0.833333
,,,,,Annotation,0.9
,,,,,Annotation,0.9
main.java.de.uni_hamburg.informatik.swk.masterprojekt.decisionbuddy.model,Issue.java,Collection Fetching (Immediate),Hibernate,2,->,0.933333
,,,,,Importing,0.3
,,,,,Annotation,0.9
,,,,,Annotation,0.9
,,,,,Annotation,0.9
,,,,,Annotation,0.9
,,,,,Annotation,0.9
,,,,,Annotation,0.9
,,,,,Annotation,0.9
main.java.de.uni_hamburg.informatik.swk.masterprojekt.decisionbuddy.model,Issue.java,Specifying Columns for fields,JPA,8,->,0.883333
,,,,,Importing,0.3
,,,,,Annotation,0.9
main.java.de.uni_hamburg.informatik.swk.masterprojekt.decisionbuddy.model,Issue.java,Entities,JPA,2,->,0.733333
,,,,,Importing,0.3
,,,,,Annotation,0.9
main.java.de.uni_hamburg.informatik.swk.masterprojekt.decisionbuddy.model,Issue.java,Specifying IDs for Entities,JPA,2,->,0.733333
,,,,,Importing,0.3
,,,,,Annotation,0.9
main.java.de.uni_hamburg.informatik.swk.masterprojekt.decisionbuddy.model,Issue.java,n-1 Associations,JPA,2,->,0.733333
,,,,,Importing,0.3
,,,,,Annotation,0.9
main.java.de.uni_hamburg.informatik.swk.masterprojekt.decisionbuddy.model,Issue.java,Joining Tables for Entities,JPA,2,->,0.733333
,,,,,Importing,0.3
,,,,,Annotation,0.9
main.java.de.uni_hamburg.informatik.swk.masterprojekt.decisionbuddy.model,WeightedQualityGoal.java,Specifying Primary Tables for Entities,JPA,2,->,0.733333
,,,,,Importing,0.3
,,,,,Annotation,0.9
,,,,,Annotation,0.9
main.java.de.uni_hamburg.informatik.swk.masterprojekt.decisionbuddy.model,WeightedQualityGoal.java,Joining Columns for Entities,JPA,3,->,0.8
,,,,,Importing,0.3
,,,,,Annotation,0.9
main.java.de.uni_hamburg.informatik.swk.masterprojekt.decisionbuddy.model,WeightedQualityGoal.java,Eager Relations Fetching,JPA,2,->,0.733333
,,,,,Importing,0.3
,,,,,Annotation,0.9
main.java.de.uni_hamburg.informatik.swk.masterprojekt.decisionbuddy.model,WeightedQualityGoal.java,Composite identifiers (non-aggregated),JPA,2,->,0.733333
,,,,,Importing,0.3
,,,,,Annotation,0.9
main.java.de.uni_hamburg.informatik.swk.masterprojekt.decisionbuddy.model,WeightedQualityGoal.java,Specifying Columns for fields,JPA,2,->,0.733333
,,,,,Importing,0.3
,,,,,Annotation,0.9
main.java.de.uni_hamburg.informatik.swk.masterprojekt.decisionbuddy.model,WeightedQualityGoal.java,Entities,JPA,2,->,0.733333
,,,,,Importing,0.3
,,,,,Annotation,0.9
main.java.de.uni_hamburg.informatik.swk.masterprojekt.decisionbuddy.model,WeightedQualityGoal.java,Lazy Relations Fetching,JPA,2,->,0.733333
,,,,,Importing,0.3
,,,,,Annotation,0.9
,,,,,Annotation,0.9
main.java.de.uni_hamburg.informatik.swk.masterprojekt.decisionbuddy.model,WeightedQualityGoal.java,Specifying IDs for Entities,JPA,3,->,0.8
,,,,,Importing,0.3
,,,,,Annotation,0.9
,,,,,Annotation,0.9
main.java.de.uni_hamburg.informatik.swk.masterprojekt.decisionbuddy.model,WeightedQualityGoal.java,n-1 Associations,JPA,3,->,0.8
,,,,,Importing,0.3
,,,,,Annotation,0.9
main.java.de.uni_hamburg.informatik.swk.masterprojekt.decisionbuddy.model,COTSCategory.java,Generation of values for simple identifiers,JPA,2,->,0.733333
,,,,,Importing,0.3
,,,,,Annotation,0.9
main.java.de.uni_hamburg.informatik.swk.masterprojekt.decisionbuddy.model,COTSCategory.java,Specifying Primary Tables for Entities,JPA,2,->,0.733333
,,,,,Importing,0.3
,,,,,Annotation,0.9
,,,,,Annotation,0.9
,,,,,Annotation,0.9
main.java.de.uni_hamburg.informatik.swk.masterprojekt.decisionbuddy.model,COTSCategory.java,Specifying Columns for fields,JPA,4,->,0.833333
,,,,,Importing,0.3
,,,,,Annotation,0.9
main.java.de.uni_hamburg.informatik.swk.masterprojekt.decisionbuddy.model,COTSCategory.java,Entities,JPA,2,->,0.733333
,,,,,Importing,0.3
,,,,,Annotation,0.9
main.java.de.uni_hamburg.informatik.swk.masterprojekt.decisionbuddy.model,COTSCategory.java,Specifying IDs for Entities,JPA,2,->,0.733333
,,,,,Importing,0.3
,,,,,Annotation,0.9
main.java.de.uni_hamburg.informatik.swk.masterprojekt.decisionbuddy.model,DesignPatternCategory.java,Generation of values for simple identifiers,JPA,2,->,0.733333
,,,,,Importing,0.3
,,,,,Annotation,0.9
main.java.de.uni_hamburg.informatik.swk.masterprojekt.decisionbuddy.model,DesignPatternCategory.java,Specifying Primary Tables for Entities,JPA,2,->,0.733333
,,,,,Importing,0.3
,,,,,Annotation,0.9
,,,,,Annotation,0.9
,,,,,Annotation,0.9
main.java.de.uni_hamburg.informatik.swk.masterprojekt.decisionbuddy.model,DesignPatternCategory.java,Specifying Columns for fields,JPA,4,->,0.833333
,,,,,Importing,0.3
,,,,,Annotation,0.9
main.java.de.uni_hamburg.informatik.swk.masterprojekt.decisionbuddy.model,DesignPatternCategory.java,Entities,JPA,2,->,0.733333
,,,,,Importing,0.3
,,,,,Annotation,0.9
main.java.de.uni_hamburg.informatik.swk.masterprojekt.decisionbuddy.model,DesignPatternCategory.java,Specifying IDs for Entities,JPA,2,->,0.733333
,,,,,Importing,0.3
,,,,,Annotation,0.9
main.java.de.uni_hamburg.informatik.swk.masterprojekt.decisionbuddy.model,ElementMetric.java,Generation of values for simple identifiers,JPA,2,->,0.733333
,,,,,Importing,0.3
,,,,,Annotation,0.9
main.java.de.uni_hamburg.informatik.swk.masterprojekt.decisionbuddy.model,ElementMetric.java,Specifying Primary Tables for Entities,JPA,2,->,0.733333
,,,,,Importing,0.3
,,,,,Annotation,0.9
,,,,,Annotation,0.9
main.java.de.uni_hamburg.informatik.swk.masterprojekt.decisionbuddy.model,ElementMetric.java,Joining Columns for Entities,JPA,3,->,0.8
,,,,,Importing,0.3
,,,,,Annotation,0.9
,,,,,Annotation,0.9
main.java.de.uni_hamburg.informatik.swk.masterprojekt.decisionbuddy.model,ElementMetric.java,Eager Relations Fetching,JPA,3,->,0.8
,,,,,Importing,0.3
,,,,,Annotation,0.9
,,,,,Annotation,0.9
,,,,,Annotation,0.9
,,,,,Annotation,0.9
,,,,,Annotation,0.9
main.java.de.uni_hamburg.informatik.swk.masterprojekt.decisionbuddy.model,ElementMetric.java,Specifying Columns for fields,JPA,6,->,0.866667
,,,,,Importing,0.3
,,,,,Annotation,0.9
main.java.de.uni_hamburg.informatik.swk.masterprojekt.decisionbuddy.model,ElementMetric.java,Entities,JPA,2,->,0.733333
,,,,,Importing,0.3
,,,,,Annotation,0.9
main.java.de.uni_hamburg.informatik.swk.masterprojekt.decisionbuddy.model,ElementMetric.java,Specifying IDs for Entities,JPA,2,->,0.733333
,,,,,Importing,0.3
,,,,,Annotation,0.9
main.java.de.uni_hamburg.informatik.swk.masterprojekt.decisionbuddy.model,Comment.java,Generation of values for simple identifiers,JPA,2,->,0.733333
,,,,,Importing,0.3
,,,,,Annotation,0.9
main.java.de.uni_hamburg.informatik.swk.masterprojekt.decisionbuddy.model,Comment.java,Specifying Primary Tables for Entities,JPA,2,->,0.733333
,,,,,Importing,0.3
,,,,,Annotation,0.9
main.java.de.uni_hamburg.informatik.swk.masterprojekt.decisionbuddy.model,Comment.java,Joining Columns for Entities,JPA,2,->,0.733333
,,,,,Importing,0.3
,,,,,Annotation,0.9
main.java.de.uni_hamburg.informatik.swk.masterprojekt.decisionbuddy.model,Comment.java,Eager Relations Fetching,JPA,2,->,0.733333
,,,,,Importing,0.3
,,,,,Annotation,0.9
,,,,,Annotation,0.9
,,,,,Annotation,0.9
,,,,,Annotation,0.9
main.java.de.uni_hamburg.informatik.swk.masterprojekt.decisionbuddy.model,Comment.java,Specifying Columns for fields,JPA,5,->,0.853333
,,,,,Importing,0.3
,,,,,Annotation,0.9
main.java.de.uni_hamburg.informatik.swk.masterprojekt.decisionbuddy.model,Comment.java,Entities,JPA,2,->,0.733333
,,,,,Importing,0.3
,,,,,Annotation,0.9
main.java.de.uni_hamburg.informatik.swk.masterprojekt.decisionbuddy.model,Comment.java,Specifying IDs for Entities,JPA,2,->,0.733333
,,,,,Importing,0.3
,,,,,Annotation,0.9
main.java.de.uni_hamburg.informatik.swk.masterprojekt.decisionbuddy.model,Comment.java,n-1 Associations,JPA,2,->,0.733333
,,,,,Importing,0.3
,,,,,Annotation,0.9
main.java.de.uni_hamburg.informatik.swk.masterprojekt.decisionbuddy.model,FrameworkCategory.java,Generation of values for simple identifiers,JPA,2,->,0.733333
,,,,,Importing,0.3
,,,,,Annotation,0.9
main.java.de.uni_hamburg.informatik.swk.masterprojekt.decisionbuddy.model,FrameworkCategory.java,Specifying Primary Tables for Entities,JPA,2,->,0.733333
,,,,,Importing,0.3
,,,,,Annotation,0.9
,,,,,Annotation,0.9
,,,,,Annotation,0.9
main.java.de.uni_hamburg.informatik.swk.masterprojekt.decisionbuddy.model,FrameworkCategory.java,Specifying Columns for fields,JPA,4,->,0.833333
,,,,,Importing,0.3
,,,,,Annotation,0.9
main.java.de.uni_hamburg.informatik.swk.masterprojekt.decisionbuddy.model,FrameworkCategory.java,Entities,JPA,2,->,0.733333
,,,,,Importing,0.3
,,,,,Annotation,0.9
main.java.de.uni_hamburg.informatik.swk.masterprojekt.decisionbuddy.model,FrameworkCategory.java,Specifying IDs for Entities,JPA,2,->,0.733333
,,,,,Importing,0.3
,,,,,Annotation,0.9
main.java.de.uni_hamburg.informatik.swk.masterprojekt.decisionbuddy.model,SolutionCandidate.java,Generation of values for simple identifiers,JPA,2,->,0.733333
,,,,,Importing,0.3
,,,,,Annotation,0.9
main.java.de.uni_hamburg.informatik.swk.masterprojekt.decisionbuddy.model,SolutionCandidate.java,Specifying Primary Tables for Entities,JPA,2,->,0.733333
,,,,,Importing,0.3
,,,,,Annotation,0.9
,,,,,Annotation,0.9
main.java.de.uni_hamburg.informatik.swk.masterprojekt.decisionbuddy.model,SolutionCandidate.java,Joining Columns for Entities,JPA,3,->,0.8
,,,,,Importing,0.3
,,,,,Annotation,0.9
,,,,,Annotation,0.9
main.java.de.uni_hamburg.informatik.swk.masterprojekt.decisionbuddy.model,SolutionCandidate.java,Eager Relations Fetching,JPA,3,->,0.8
,,,,,Importing,0.3
,,,,,Annotation,0.9
,,,,,Annotation,0.9
,,,,,Annotation,0.9
,,,,,Annotation,0.9
,,,,,Annotation,0.9
,,,,,Annotation,0.9
,,,,,Annotation,0.9
main.java.de.uni_hamburg.informatik.swk.masterprojekt.decisionbuddy.model,SolutionCandidate.java,Specifying Columns for fields,JPA,8,->,0.883333
,,,,,Importing,0.3
,,,,,Annotation,0.9
main.java.de.uni_hamburg.informatik.swk.masterprojekt.decisionbuddy.model,SolutionCandidate.java,Entities,JPA,2,->,0.733333
,,,,,Importing,0.3
,,,,,Annotation,0.9
main.java.de.uni_hamburg.informatik.swk.masterprojekt.decisionbuddy.model,SolutionCandidate.java,Specifying IDs for Entities,JPA,2,->,0.733333
,,,,,Importing,0.3
,,,,,Annotation,0.9
,,,,,Annotation,0.9
main.java.de.uni_hamburg.informatik.swk.masterprojekt.decisionbuddy.model,SolutionCandidate.java,n-1 Associations,JPA,3,->,0.8
,,,,,Importing,0.3
,,,,,Annotation,0.9
main.java.de.uni_hamburg.informatik.swk.masterprojekt.decisionbuddy.model,Rating.java,Generation of values for simple identifiers,JPA,2,->,0.733333
,,,,,Importing,0.3
,,,,,Annotation,0.9
main.java.de.uni_hamburg.informatik.swk.masterprojekt.decisionbuddy.model,Rating.java,Specifying Primary Tables for Entities,JPA,2,->,0.733333
,,,,,Importing,0.3
,,,,,Annotation,0.9
,,,,,Annotation,0.9
,,,,,Annotation,0.9
main.java.de.uni_hamburg.informatik.swk.masterprojekt.decisionbuddy.model,Rating.java,Joining Columns for Entities,JPA,4,->,0.833333
,,,,,Importing,0.3
,,,,,Annotation,0.9
,,,,,Annotation,0.9
,,,,,Annotation,0.9
main.java.de.uni_hamburg.informatik.swk.masterprojekt.decisionbuddy.model,Rating.java,Eager Relations Fetching,JPA,4,->,0.833333
,,,,,Importing,0.3
,,,,,Annotation,0.9
,,,,,Annotation,0.9
,,,,,Annotation,0.9
,,,,,Annotation,0.9
,,,,,Annotation,0.9
main.java.de.uni_hamburg.informatik.swk.masterprojekt.decisionbuddy.model,Rating.java,Specifying Columns for fields,JPA,6,->,0.866667
,,,,,Importing,0.3
,,,,,Annotation,0.9
main.java.de.uni_hamburg.informatik.swk.masterprojekt.decisionbuddy.model,Rating.java,Entities,JPA,2,->,0.733333
,,,,,Importing,0.3
,,,,,Annotation,0.9
main.java.de.uni_hamburg.informatik.swk.masterprojekt.decisionbuddy.model,Rating.java,Specifying IDs for Entities,JPA,2,->,0.733333
,,,,,Importing,0.3
,,,,,Annotation,0.9
,,,,,Annotation,0.9
,,,,,Annotation,0.9
main.java.de.uni_hamburg.informatik.swk.masterprojekt.decisionbuddy.model,Rating.java,n-1 Associations,JPA,4,->,0.833333
,,,,,Importing,0.3
,,,,,Annotation,0.9
main.java.de.uni_hamburg.informatik.swk.masterprojekt.decisionbuddy.model,Decision.java,Generation of values for simple identifiers,JPA,2,->,0.733333
,,,,,Importing,0.3
,,,,,Annotation,0.9
main.java.de.uni_hamburg.informatik.swk.masterprojekt.decisionbuddy.model,Decision.java,Ordering Lists,JPA,2,->,0.733333
,,,,,Importing,0.3
,,,,,Annotation,0.9
,,,,,Annotation,0.9
main.java.de.uni_hamburg.informatik.swk.masterprojekt.decisionbuddy.model,Decision.java,Cascade all operations,JPA,3,->,0.8
,,,,,Importing,0.3
,,,,,Annotation,0.9
main.java.de.uni_hamburg.informatik.swk.masterprojekt.decisionbuddy.model,Decision.java,Specifying Primary Tables for Entities,JPA,2,->,0.733333
,,,,,Importing,0.3
,,,,,Annotation,0.9
main.java.de.uni_hamburg.informatik.swk.masterprojekt.decisionbuddy.model,Decision.java,Joining Columns for Entities,JPA,2,->,0.733333
,,,,,Importing,0.3
,,,,,Annotation,0.9
main.java.de.uni_hamburg.informatik.swk.masterprojekt.decisionbuddy.model,Decision.java,Eager Relations Fetching,JPA,2,->,0.733333
,,,,,Annotation,0.9
,,,,,Annotation,0.9
main.java.de.uni_hamburg.informatik.swk.masterprojekt.decisionbuddy.model,Decision.java,Collection Fetching (Immediate),Hibernate,2,->,0.933333
,,,,,Importing,0.3
,,,,,Annotation,0.9
,,,,,Annotation,0.9
,,,,,Annotation,0.9
main.java.de.uni_hamburg.informatik.swk.masterprojekt.decisionbuddy.model,Decision.java,Specifying Columns for fields,JPA,4,->,0.833333
,,,,,Importing,0.3
,,,,,Annotation,0.9
main.java.de.uni_hamburg.informatik.swk.masterprojekt.decisionbuddy.model,Decision.java,Entities,JPA,2,->,0.733333
,,,,,Importing,0.3
,,,,,Annotation,0.9
main.java.de.uni_hamburg.informatik.swk.masterprojekt.decisionbuddy.model,Decision.java,Specifying IDs for Entities,JPA,2,->,0.733333
,,,,,Importing,0.3
,,,,,Annotation,0.9
main.java.de.uni_hamburg.informatik.swk.masterprojekt.decisionbuddy.model,TechnicalTerm.java,Generation of values for simple identifiers,JPA,2,->,0.733333
,,,,,Importing,0.3
,,,,,Annotation,0.9
main.java.de.uni_hamburg.informatik.swk.masterprojekt.decisionbuddy.model,TechnicalTerm.java,Cascade all operations,JPA,2,->,0.733333
,,,,,Importing,0.3
,,,,,Annotation,0.9
main.java.de.uni_hamburg.informatik.swk.masterprojekt.decisionbuddy.model,TechnicalTerm.java,Specifying Primary Tables for Entities,JPA,2,->,0.733333
,,,,,Annotation,0.9
main.java.de.uni_hamburg.informatik.swk.masterprojekt.decisionbuddy.model,TechnicalTerm.java,Collection Fetching (Immediate),Hibernate,1,->,0.933333
,,,,,Importing,0.3
,,,,,Annotation,0.9
,,,,,Annotation,0.9
,,,,,Annotation,0.9
,,,,,Annotation,0.9
,,,,,Annotation,0.9
,,,,,Annotation,0.9
main.java.de.uni_hamburg.informatik.swk.masterprojekt.decisionbuddy.model,TechnicalTerm.java,Specifying Columns for fields,JPA,7,->,0.876191
,,,,,Importing,0.3
,,,,,Annotation,0.9
main.java.de.uni_hamburg.informatik.swk.masterprojekt.decisionbuddy.model,TechnicalTerm.java,Entities,JPA,2,->,0.733333
,,,,,Importing,0.3
,,,,,Annotation,0.9
main.java.de.uni_hamburg.informatik.swk.masterprojekt.decisionbuddy.model,TechnicalTerm.java,Specifying IDs for Entities,JPA,2,->,0.733333
,,,,,Importing,0.3
,,,,,Annotation,0.9
main.java.de.uni_hamburg.informatik.swk.masterprojekt.decisionbuddy.model,Authority.java,Cascade all operations,JPA,2,->,0.733333
,,,,,Importing,0.3
,,,,,Annotation,0.9
main.java.de.uni_hamburg.informatik.swk.masterprojekt.decisionbuddy.model,Authority.java,Specifying Primary Tables for Entities,JPA,2,->,0.733333
,,,,,Importing,0.3
,,,,,Annotation,0.9
main.java.de.uni_hamburg.informatik.swk.masterprojekt.decisionbuddy.model,Authority.java,Eager Relations Fetching,JPA,2,->,0.733333
,,,,,Importing,0.3
,,,,,Annotation,0.9
main.java.de.uni_hamburg.informatik.swk.masterprojekt.decisionbuddy.model,Authority.java,Specifying Columns for fields,JPA,2,->,0.733333
,,,,,Importing,0.3
,,,,,Annotation,0.9
main.java.de.uni_hamburg.informatik.swk.masterprojekt.decisionbuddy.model,Authority.java,Entities,JPA,2,->,0.733333
,,,,,Importing,0.3
,,,,,Annotation,0.9
main.java.de.uni_hamburg.informatik.swk.masterprojekt.decisionbuddy.model,Authority.java,Specifying IDs for Entities,JPA,2,->,0.733333
,,,,,Importing,0.3
,,,,,Annotation,0.9
main.java.de.uni_hamburg.informatik.swk.masterprojekt.decisionbuddy.model,Authority.java,m-n Associations,JPA,2,->,0.733333
,,,,,Annotation,0.9
main.java.de.uni_hamburg.informatik.swk.masterprojekt.decisionbuddy.model,Authority.java,Collection Fetching (Lazy),Hibernate,1,->,0.933333
,,,,,Importing,0.3
,,,,,Annotation,0.9
main.java.de.uni_hamburg.informatik.swk.masterprojekt.decisionbuddy.model,Authority.java,Joining Tables for Entities,JPA,2,->,0.733333
,,,,,Importing,0.3
,,,,,Annotation,0.9
main.java.de.uni_hamburg.informatik.swk.masterprojekt.decisionbuddy.model,COTS.java,Specifying Primary Tables for Entities,JPA,2,->,0.733333
,,,,,Importing,0.3
,,,,,Annotation,0.9
main.java.de.uni_hamburg.informatik.swk.masterprojekt.decisionbuddy.model,COTS.java,Joining Columns for Entities,JPA,2,->,0.733333
,,,,,Importing,0.3
,,,,,Annotation,0.9
main.java.de.uni_hamburg.informatik.swk.masterprojekt.decisionbuddy.model,COTS.java,Eager Relations Fetching,JPA,2,->,0.733333
,,,,,Importing,0.3
,,,,,Annotation,0.9
,,,,,Annotation,0.9
,,,,,Annotation,0.9
,,,,,Annotation,0.9
,,,,,Annotation,0.9
,,,,,Annotation,0.9
,,,,,Annotation,0.9
,,,,,Annotation,0.9
,,,,,Annotation,0.9
,,,,,Annotation,0.9
,,,,,Annotation,0.9
,,,,,Annotation,0.9
,,,,,Annotation,0.9
main.java.de.uni_hamburg.informatik.swk.masterprojekt.decisionbuddy.model,COTS.java,Specifying Columns for fields,JPA,14,->,0.904762
,,,,,Importing,0.3
,,,,,Annotation,0.9
main.java.de.uni_hamburg.informatik.swk.masterprojekt.decisionbuddy.model,COTS.java,Entities,JPA,2,->,0.733333
,,,,,Importing,0.3
,,,,,Annotation,0.9
main.java.de.uni_hamburg.informatik.swk.masterprojekt.decisionbuddy.model,COTS.java,n-1 Associations,JPA,2,->,0.733333
,,,,,Importing,0.3
,,,,,Annotation,0.9
main.java.de.uni_hamburg.informatik.swk.masterprojekt.decisionbuddy.model,RefactoringCategory.java,Generation of values for simple identifiers,JPA,2,->,0.733333
,,,,,Importing,0.3
,,,,,Annotation,0.9
main.java.de.uni_hamburg.informatik.swk.masterprojekt.decisionbuddy.model,RefactoringCategory.java,Specifying Primary Tables for Entities,JPA,2,->,0.733333
,,,,,Importing,0.3
,,,,,Annotation,0.9
,,,,,Annotation,0.9
,,,,,Annotation,0.9
main.java.de.uni_hamburg.informatik.swk.masterprojekt.decisionbuddy.model,RefactoringCategory.java,Specifying Columns for fields,JPA,4,->,0.833333
,,,,,Importing,0.3
,,,,,Annotation,0.9
main.java.de.uni_hamburg.informatik.swk.masterprojekt.decisionbuddy.model,RefactoringCategory.java,Entities,JPA,2,->,0.733333
,,,,,Importing,0.3
,,,,,Annotation,0.9
main.java.de.uni_hamburg.informatik.swk.masterprojekt.decisionbuddy.model,RefactoringCategory.java,Specifying IDs for Entities,JPA,2,->,0.733333
,,,,,Importing,0.3
,,,,,Annotation,0.9
main.java.de.uni_hamburg.informatik.swk.masterprojekt.decisionbuddy.model,StringValue.java,Generation of values for simple identifiers,JPA,2,->,0.733333
,,,,,Importing,0.3
,,,,,Annotation,0.9
main.java.de.uni_hamburg.informatik.swk.masterprojekt.decisionbuddy.model,StringValue.java,Specifying Primary Tables for Entities,JPA,2,->,0.733333
,,,,,Importing,0.3
,,,,,Annotation,0.9
main.java.de.uni_hamburg.informatik.swk.masterprojekt.decisionbuddy.model,StringValue.java,Joining Columns for Entities,JPA,2,->,0.733333
,,,,,Importing,0.3
,,,,,Annotation,0.9
main.java.de.uni_hamburg.informatik.swk.masterprojekt.decisionbuddy.model,StringValue.java,Eager Relations Fetching,JPA,2,->,0.733333
,,,,,Importing,0.3
,,,,,Annotation,0.9
,,,,,Annotation,0.9
main.java.de.uni_hamburg.informatik.swk.masterprojekt.decisionbuddy.model,StringValue.java,Specifying Columns for fields,JPA,3,->,0.8
,,,,,Importing,0.3
,,,,,Annotation,0.9
main.java.de.uni_hamburg.informatik.swk.masterprojekt.decisionbuddy.model,StringValue.java,Entities,JPA,2,->,0.733333
,,,,,Importing,0.3
,,,,,Annotation,0.9
main.java.de.uni_hamburg.informatik.swk.masterprojekt.decisionbuddy.model,StringValue.java,Specifying IDs for Entities,JPA,2,->,0.733333
,,,,,Importing,0.3
,,,,,Annotation,0.9
main.java.de.uni_hamburg.informatik.swk.masterprojekt.decisionbuddy.model,StringValue.java,n-1 Associations,JPA,2,->,0.733333
,,,,,Importing,0.3
,,,,,Annotation,0.9
main.java.de.uni_hamburg.informatik.swk.masterprojekt.decisionbuddy.model,Constraint.java,Generation of values for simple identifiers,JPA,2,->,0.733333
,,,,,Importing,0.3
,,,,,Annotation,0.9
main.java.de.uni_hamburg.informatik.swk.masterprojekt.decisionbuddy.model,Constraint.java,Cascade all operations,JPA,2,->,0.733333
,,,,,Importing,0.3
,,,,,Annotation,0.9
main.java.de.uni_hamburg.informatik.swk.masterprojekt.decisionbuddy.model,Constraint.java,Specifying Primary Tables for Entities,JPA,2,->,0.733333
,,,,,Importing,0.3
,,,,,Annotation,0.9
main.java.de.uni_hamburg.informatik.swk.masterprojekt.decisionbuddy.model,Constraint.java,Joining Columns for Entities,JPA,2,->,0.733333
,,,,,Importing,0.3
,,,,,Annotation,0.9
,,,,,Annotation,0.9
main.java.de.uni_hamburg.informatik.swk.masterprojekt.decisionbuddy.model,Constraint.java,Eager Relations Fetching,JPA,3,->,0.8
,,,,,Importing,0.3
,,,,,Annotation,0.9
main.java.de.uni_hamburg.informatik.swk.masterprojekt.decisionbuddy.model,Constraint.java,Specifying Columns for fields,JPA,2,->,0.733333
,,,,,Importing,0.3
,,,,,Annotation,0.9
main.java.de.uni_hamburg.informatik.swk.masterprojekt.decisionbuddy.model,Constraint.java,Entities,JPA,2,->,0.733333
,,,,,Importing,0.3
,,,,,Annotation,0.9
main.java.de.uni_hamburg.informatik.swk.masterprojekt.decisionbuddy.model,Constraint.java,Specifying IDs for Entities,JPA,2,->,0.733333
,,,,,Annotation,0.9
main.java.de.uni_hamburg.informatik.swk.masterprojekt.decisionbuddy.model,Constraint.java,Collection Fetching (Extra Lazy),Hibernate,1,->,0.933333
,,,,,Importing,0.3
,,,,,Annotation,0.9
main.java.de.uni_hamburg.informatik.swk.masterprojekt.decisionbuddy.model,Constraint.java,n-1 Associations,JPA,2,->,0.733333
,,,,,Importing,0.3
,,,,,Annotation,0.9
main.java.de.uni_hamburg.informatik.swk.masterprojekt.decisionbuddy.model,ArchitecturalPatternCategory.java,Generation of values for simple identifiers,JPA,2,->,0.733333
,,,,,Importing,0.3
,,,,,Annotation,0.9
main.java.de.uni_hamburg.informatik.swk.masterprojekt.decisionbuddy.model,ArchitecturalPatternCategory.java,Specifying Primary Tables for Entities,JPA,2,->,0.733333
,,,,,Importing,0.3
,,,,,Annotation,0.9
,,,,,Annotation,0.9
,,,,,Annotation,0.9
main.java.de.uni_hamburg.informatik.swk.masterprojekt.decisionbuddy.model,ArchitecturalPatternCategory.java,Specifying Columns for fields,JPA,4,->,0.833333
,,,,,Importing,0.3
,,,,,Annotation,0.9
main.java.de.uni_hamburg.informatik.swk.masterprojekt.decisionbuddy.model,ArchitecturalPatternCategory.java,Entities,JPA,2,->,0.733333
,,,,,Importing,0.3
,,,,,Annotation,0.9
main.java.de.uni_hamburg.informatik.swk.masterprojekt.decisionbuddy.model,ArchitecturalPatternCategory.java,Specifying IDs for Entities,JPA,2,->,0.733333
,,,,,Importing,0.3
,,,,,Annotation,0.9
main.java.de.uni_hamburg.informatik.swk.masterprojekt.decisionbuddy.model,Framework.java,Specifying Primary Tables for Entities,JPA,2,->,0.733333
,,,,,Importing,0.3
,,,,,Annotation,0.9
main.java.de.uni_hamburg.informatik.swk.masterprojekt.decisionbuddy.model,Framework.java,Joining Columns for Entities,JPA,2,->,0.733333
,,,,,Importing,0.3
,,,,,Annotation,0.9
main.java.de.uni_hamburg.informatik.swk.masterprojekt.decisionbuddy.model,Framework.java,Eager Relations Fetching,JPA,2,->,0.733333
,,,,,Importing,0.3
,,,,,Annotation,0.9
,,,,,Annotation,0.9
,,,,,Annotation,0.9
,,,,,Annotation,0.9
,,,,,Annotation,0.9
,,,,,Annotation,0.9
,,,,,Annotation,0.9
,,,,,Annotation,0.9
,,,,,Annotation,0.9
,,,,,Annotation,0.9
,,,,,Annotation,0.9
,,,,,Annotation,0.9
,,,,,Annotation,0.9
,,,,,Annotation,0.9
,,,,,Annotation,0.9
main.java.de.uni_hamburg.informatik.swk.masterprojekt.decisionbuddy.model,Framework.java,Specifying Columns for fields,JPA,16,->,0.908333
,,,,,Importing,0.3
,,,,,Annotation,0.9
main.java.de.uni_hamburg.informatik.swk.masterprojekt.decisionbuddy.model,Framework.java,Entities,JPA,2,->,0.733333
,,,,,Importing,0.3
,,,,,Annotation,0.9
main.java.de.uni_hamburg.informatik.swk.masterprojekt.decisionbuddy.model,Framework.java,n-1 Associations,JPA,2,->,0.733333
,,,,,Importing,0.3
,,,,,Annotation,0.9
main.java.de.uni_hamburg.informatik.swk.masterprojekt.decisionbuddy.model,ElementDesignPattern.java,Generation of values for simple identifiers,JPA,2,->,0.733333
,,,,,Importing,0.3
,,,,,Annotation,0.9
main.java.de.uni_hamburg.informatik.swk.masterprojekt.decisionbuddy.model,ElementDesignPattern.java,Mapping Enums by Ordinal,JPA,2,->,0.733333
,,,,,Importing,0.3
,,,,,Annotation,0.9
main.java.de.uni_hamburg.informatik.swk.masterprojekt.decisionbuddy.model,ElementDesignPattern.java,Specifying Primary Tables for Entities,JPA,2,->,0.733333
,,,,,Importing,0.3
,,,,,Annotation,0.9
,,,,,Annotation,0.9
main.java.de.uni_hamburg.informatik.swk.masterprojekt.decisionbuddy.model,ElementDesignPattern.java,Joining Columns for Entities,JPA,3,->,0.8
,,,,,Importing,0.3
,,,,,Annotation,0.9
,,,,,Annotation,0.9
main.java.de.uni_hamburg.informatik.swk.masterprojekt.decisionbuddy.model,ElementDesignPattern.java,Eager Relations Fetching,JPA,3,->,0.8
,,,,,Importing,0.3
,,,,,Annotation,0.9
,,,,,Annotation,0.9
,,,,,Annotation,0.9
,,,,,Annotation,0.9
main.java.de.uni_hamburg.informatik.swk.masterprojekt.decisionbuddy.model,ElementDesignPattern.java,Specifying Columns for fields,JPA,5,->,0.853333
,,,,,Importing,0.3
,,,,,Annotation,0.9
main.java.de.uni_hamburg.informatik.swk.masterprojekt.decisionbuddy.model,ElementDesignPattern.java,Entities,JPA,2,->,0.733333
,,,,,Importing,0.3
,,,,,Annotation,0.9
main.java.de.uni_hamburg.informatik.swk.masterprojekt.decisionbuddy.model,ElementDesignPattern.java,Specifying IDs for Entities,JPA,2,->,0.733333
,,,,,Importing,0.3
,,,,,Annotation,0.9
main.java.de.uni_hamburg.informatik.swk.masterprojekt.decisionbuddy.model,ElementDesignPattern.java,Mapping Enums,JPA,2,->,0.733333
,,,,,Importing,0.3
,,,,,Annotation,0.9
main.java.de.uni_hamburg.informatik.swk.masterprojekt.decisionbuddy.model,ConstraintElement.java,Generation of values for simple identifiers,JPA,2,->,0.733333
,,,,,Annotation,0.9
main.java.de.uni_hamburg.informatik.swk.masterprojekt.decisionbuddy.model,ConstraintElement.java,Entity Locking,Hibernate,1,->,0.933333
,,,,,Importing,0.3
,,,,,Annotation,0.9
main.java.de.uni_hamburg.informatik.swk.masterprojekt.decisionbuddy.model,ConstraintElement.java,Specifying Primary Tables for Entities,JPA,2,->,0.733333
,,,,,Importing,0.3
,,,,,Annotation,0.9
,,,,,Annotation,0.9
main.java.de.uni_hamburg.informatik.swk.masterprojekt.decisionbuddy.model,ConstraintElement.java,Joining Columns for Entities,JPA,3,->,0.8
,,,,,Importing,0.3
,,,,,Annotation,0.9
,,,,,Annotation,0.9
main.java.de.uni_hamburg.informatik.swk.masterprojekt.decisionbuddy.model,ConstraintElement.java,Eager Relations Fetching,JPA,3,->,0.8
,,,,,Importing,0.3
,,,,,Annotation,0.9
,,,,,Annotation,0.9
,,,,,Annotation,0.9
main.java.de.uni_hamburg.informatik.swk.masterprojekt.decisionbuddy.model,ConstraintElement.java,Specifying Columns for fields,JPA,4,->,0.833333
,,,,,Importing,0.3
,,,,,Annotation,0.9
main.java.de.uni_hamburg.informatik.swk.masterprojekt.decisionbuddy.model,ConstraintElement.java,Entities,JPA,2,->,0.733333
,,,,,Importing,0.3
,,,,,Annotation,0.9
main.java.de.uni_hamburg.informatik.swk.masterprojekt.decisionbuddy.model,ConstraintElement.java,Specifying IDs for Entities,JPA,2,->,0.733333
,,,,,Importing,0.3
,,,,,Annotation,0.9
,,,,,Annotation,0.9
main.java.de.uni_hamburg.informatik.swk.masterprojekt.decisionbuddy.model,ConstraintElement.java,n-1 Associations,JPA,3,->,0.8
,,,,,Importing,0.3
,,,,,Annotation,0.9
,,,,,Annotation,0.9
,,,,,Annotation,0.9
main.java.de.uni_hamburg.informatik.swk.masterprojekt.decisionbuddy.model,DynamicEntities.java,Autowiring,Spring Beans,4,->,0.833333
,,,,,Importing,0.3
,,,,,Annotation,0.9
main.java.de.uni_hamburg.informatik.swk.masterprojekt.decisionbuddy.model,ArchitecturalPattern.java,Batch Reading,Hibernate,2,->,0.733333
,,,,,Importing,0.3
,,,,,Annotation,0.9
main.java.de.uni_hamburg.informatik.swk.masterprojekt.decisionbuddy.model,ArchitecturalPattern.java,Specifying Primary Tables for Entities,JPA,2,->,0.733333
,,,,,Importing,0.3
,,,,,Annotation,0.9
main.java.de.uni_hamburg.informatik.swk.masterprojekt.decisionbuddy.model,ArchitecturalPattern.java,Joining Columns for Entities,JPA,2,->,0.733333
,,,,,Importing,0.3
,,,,,Annotation,0.9
main.java.de.uni_hamburg.informatik.swk.masterprojekt.decisionbuddy.model,ArchitecturalPattern.java,Eager Relations Fetching,JPA,2,->,0.733333
,,,,,Importing,0.3
,,,,,Annotation,0.9
,,,,,Annotation,0.9
,,,,,Annotation,0.9
,,,,,Annotation,0.9
,,,,,Annotation,0.9
,,,,,Annotation,0.9
,,,,,Annotation,0.9
,,,,,Annotation,0.9
,,,,,Annotation,0.9
,,,,,Annotation,0.9
,,,,,Annotation,0.9
main.java.de.uni_hamburg.informatik.swk.masterprojekt.decisionbuddy.model,ArchitecturalPattern.java,Specifying Columns for fields,JPA,12,->,0.9
,,,,,Importing,0.3
,,,,,Annotation,0.9
main.java.de.uni_hamburg.informatik.swk.masterprojekt.decisionbuddy.model,ArchitecturalPattern.java,Entities,JPA,2,->,0.733333
,,,,,Annotation,0.9
main.java.de.uni_hamburg.informatik.swk.masterprojekt.decisionbuddy.model,ArchitecturalPattern.java,Loading (Eager),Hibernate,1,->,0.933333
,,,,,Importing,0.3
,,,,,Annotation,0.9
main.java.de.uni_hamburg.informatik.swk.masterprojekt.decisionbuddy.model,ArchitecturalPattern.java,n-1 Associations,JPA,2,->,0.733333
,,,,,Importing,0.3
,,,,,Annotation,0.9
main.java.de.uni_hamburg.informatik.swk.masterprojekt.decisionbuddy.model,MetricValue.java,Generation of values for simple identifiers,JPA,2,->,0.733333
,,,,,Importing,0.3
,,,,,Annotation,0.9
main.java.de.uni_hamburg.informatik.swk.masterprojekt.decisionbuddy.model,MetricValue.java,Specifying Primary Tables for Entities,JPA,2,->,0.733333
,,,,,Importing,0.3
,,,,,Annotation,0.9
,,,,,Annotation,0.9
main.java.de.uni_hamburg.informatik.swk.masterprojekt.decisionbuddy.model,MetricValue.java,Joining Columns for Entities,JPA,3,->,0.8
,,,,,Importing,0.3
,,,,,Annotation,0.9
,,,,,Annotation,0.9
main.java.de.uni_hamburg.informatik.swk.masterprojekt.decisionbuddy.model,MetricValue.java,Eager Relations Fetching,JPA,3,->,0.8
,,,,,Importing,0.3
,,,,,Annotation,0.9
,,,,,Annotation,0.9
main.java.de.uni_hamburg.informatik.swk.masterprojekt.decisionbuddy.model,MetricValue.java,Specifying Columns for fields,JPA,3,->,0.8
,,,,,Importing,0.3
,,,,,Annotation,0.9
main.java.de.uni_hamburg.informatik.swk.masterprojekt.decisionbuddy.model,MetricValue.java,Entities,JPA,2,->,0.733333
,,,,,Importing,0.3
,,,,,Annotation,0.9
main.java.de.uni_hamburg.informatik.swk.masterprojekt.decisionbuddy.model,MetricValue.java,Specifying IDs for Entities,JPA,2,->,0.733333
,,,,,Importing,0.3
,,,,,Annotation,0.9
,,,,,Annotation,0.9
main.java.de.uni_hamburg.informatik.swk.masterprojekt.decisionbuddy.model,MetricValue.java,n-1 Associations,JPA,3,->,0.8
,,,,,Importing,0.3
,,,,,Annotation,0.9
main.java.de.uni_hamburg.informatik.swk.masterprojekt.decisionbuddy.model,Metric.java,Generation of values for simple identifiers,JPA,2,->,0.733333
,,,,,Importing,0.3
,,,,,Annotation,0.9
main.java.de.uni_hamburg.informatik.swk.masterprojekt.decisionbuddy.model,Metric.java,Mapping Joined Table Inheritance,JPA,2,->,0.733333
,,,,,Importing,0.3
,,,,,Annotation,0.9
,,,,,Annotation,0.9
,,,,,Annotation,0.9
main.java.de.uni_hamburg.informatik.swk.masterprojekt.decisionbuddy.model,Metric.java,Mapping Enums by Ordinal,JPA,4,->,0.833333
,,,,,Importing,0.3
,,,,,Annotation,0.9
main.java.de.uni_hamburg.informatik.swk.masterprojekt.decisionbuddy.model,Metric.java,Specifying Primary Tables for Entities,JPA,2,->,0.733333
,,,,,Importing,0.3
,,,,,Annotation,0.9
,,,,,Annotation,0.9
,,,,,Annotation,0.9
,,,,,Annotation,0.9
,,,,,Annotation,0.9
,,,,,Annotation,0.9
,,,,,Annotation,0.9
,,,,,Annotation,0.9
,,,,,Annotation,0.9
main.java.de.uni_hamburg.informatik.swk.masterprojekt.decisionbuddy.model,Metric.java,Specifying Columns for fields,JPA,10,->,0.893333
,,,,,Importing,0.3
,,,,,Annotation,0.9
main.java.de.uni_hamburg.informatik.swk.masterprojekt.decisionbuddy.model,Metric.java,Entities,JPA,2,->,0.733333
,,,,,Importing,0.3
,,,,,Annotation,0.9
main.java.de.uni_hamburg.informatik.swk.masterprojekt.decisionbuddy.model,Metric.java,Specifying IDs for Entities,JPA,2,->,0.733333
,,,,,Importing,0.3
,,,,,Annotation,0.9
main.java.de.uni_hamburg.informatik.swk.masterprojekt.decisionbuddy.model,Metric.java,Mapping Inheritance,JPA,2,->,0.733333
,,,,,Importing,0.3
,,,,,Annotation,0.9
,,,,,Annotation,0.9
,,,,,Annotation,0.9
main.java.de.uni_hamburg.informatik.swk.masterprojekt.decisionbuddy.model,Metric.java,Mapping Enums,JPA,4,->,0.833333
,,,,,Importing,0.3
,,,,,Annotation,0.9
main.java.de.uni_hamburg.informatik.swk.masterprojekt.decisionbuddy.model,Element.java,Generation of values for simple identifiers,JPA,2,->,0.733333
,,,,,Importing,0.3
,,,,,Annotation,0.9
main.java.de.uni_hamburg.informatik.swk.masterprojekt.decisionbuddy.model,Element.java,Mapping Joined Table Inheritance,JPA,2,->,0.733333
,,,,,Importing,0.3
,,,,,Annotation,0.9
main.java.de.uni_hamburg.informatik.swk.masterprojekt.decisionbuddy.model,Element.java,Mapping Enums by Ordinal,JPA,2,->,0.733333
,,,,,Importing,0.3
,,,,,Annotation,0.9
main.java.de.uni_hamburg.informatik.swk.masterprojekt.decisionbuddy.model,Element.java,Specifying Primary Tables for Entities,JPA,2,->,0.733333
,,,,,Importing,0.3
,,,,,Annotation,0.9
,,,,,Annotation,0.9
main.java.de.uni_hamburg.informatik.swk.masterprojekt.decisionbuddy.model,Element.java,Joining Columns for Entities,JPA,3,->,0.8
,,,,,Importing,0.3
,,,,,Annotation,0.9
,,,,,Annotation,0.9
main.java.de.uni_hamburg.informatik.swk.masterprojekt.decisionbuddy.model,Element.java,Eager Relations Fetching,JPA,3,->,0.8
,,,,,Importing,0.3
,,,,,Annotation,0.9
,,,,,Annotation,0.9
,,,,,Annotation,0.9
main.java.de.uni_hamburg.informatik.swk.masterprojekt.decisionbuddy.model,Element.java,Specifying Columns for fields,JPA,4,->,0.833333
,,,,,Importing,0.3
,,,,,Annotation,0.9
main.java.de.uni_hamburg.informatik.swk.masterprojekt.decisionbuddy.model,Element.java,Entities,JPA,2,->,0.733333
,,,,,Importing,0.3
,,,,,Annotation,0.9
main.java.de.uni_hamburg.informatik.swk.masterprojekt.decisionbuddy.model,Element.java,Specifying IDs for Entities,JPA,2,->,0.733333
,,,,,Importing,0.3
,,,,,Annotation,0.9
main.java.de.uni_hamburg.informatik.swk.masterprojekt.decisionbuddy.model,Element.java,Mapping Inheritance,JPA,2,->,0.733333
,,,,,Importing,0.3
,,,,,Annotation,0.9
main.java.de.uni_hamburg.informatik.swk.masterprojekt.decisionbuddy.model,Element.java,Mapping Enums,JPA,2,->,0.733333
,,,,,Importing,0.3
,,,,,Annotation,0.9
,,,,,Annotation,0.9
main.java.de.uni_hamburg.informatik.swk.masterprojekt.decisionbuddy.model,Element.java,n-1 Associations,JPA,3,->,0.8
,,,,,Importing,0.3
,,,,,Annotation,0.9
,,,,,Annotation,0.9
,,,,,Annotation,0.9
,,,,,Annotation,0.9
,,,,,Annotation,0.9
,,,,,Annotation,0.9
,,,,,Annotation,0.9
,,,,,Annotation,0.9
,,,,,Annotation,0.9
,,,,,Annotation,0.9
,,,,,Annotation,0.9
,,,,,Annotation,0.9
,,,,,Annotation,0.9
,,,,,Annotation,0.9
,,,,,Annotation,0.9
main.java.de.uni_hamburg.informatik.swk.masterprojekt.decisionbuddy.controller,CatalogController.java,Autowiring,Spring Beans,16,->,0.908333
,,,,,Importing,0.3
,,,,,Annotation,0.9
,,,,,Annotation,0.9
,,,,,Annotation,0.9
,,,,,Annotation,0.9
,,,,,Annotation,0.9
,,,,,Annotation,0.9
main.java.de.uni_hamburg.informatik.swk.masterprojekt.decisionbuddy.controller,ConstraintController.java,Autowiring,Spring Beans,7,->,0.876191
,,,,,Importing,0.3
,,,,,Annotation,0.9
,,,,,Annotation,0.9
,,,,,Annotation,0.9
main.java.de.uni_hamburg.informatik.swk.masterprojekt.decisionbuddy.controller,RegistrationController.java,Autowiring,Spring Beans,4,->,0.833333
,,,,,Importing,0.3
,,,,,Annotation,0.9
,,,,,Annotation,0.9
,,,,,Annotation,0.9
,,,,,Annotation,0.9
,,,,,Annotation,0.9
,,,,,Annotation,0.9
,,,,,Annotation,0.9
,,,,,Annotation,0.9
,,,,,Annotation,0.9
,,,,,Annotation,0.9
,,,,,Annotation,0.9
,,,,,Annotation,0.9
,,,,,Annotation,0.9
,,,,,Annotation,0.9
,,,,,Annotation,0.9
,,,,,Annotation,0.9
,,,,,Annotation,0.9
main.java.de.uni_hamburg.informatik.swk.masterprojekt.decisionbuddy.controller,ProjectController.java,Autowiring,Spring Beans,18,->,0.911111
,,,,,Importing,0.3
,,,,,Annotation,0.9
,,,,,Annotation,0.9
,,,,,Annotation,0.9
,,,,,Annotation,0.9
,,,,,Annotation,0.9
,,,,,Annotation,0.9
main.java.de.uni_hamburg.informatik.swk.masterprojekt.decisionbuddy.controller,MetricTreeController.java,Autowiring,Spring Beans,7,->,0.876191
,,,,,Importing,0.3
,,,,,Annotation,0.9
,,,,,Annotation,0.9
,,,,,Annotation,0.9
main.java.de.uni_hamburg.informatik.swk.masterprojekt.decisionbuddy.controller,FileUploadController.java,Autowiring,Spring Beans,4,->,0.833333
,,,,,Importing,0.3
,,,,,TypeUsage,0.9
,,,,,TypeUsage,0.9
main.java.de.uni_hamburg.informatik.swk.masterprojekt.decisionbuddy.controller,UserController.java,PersistentBag,Hibernate,3,->,0.8
,,,,,Importing,0.3
,,,,,Annotation,0.9
,,,,,Annotation,0.9
,,,,,Annotation,0.9
,,,,,Annotation,0.9
,,,,,Annotation,0.9
,,,,,Annotation,0.9
main.java.de.uni_hamburg.informatik.swk.masterprojekt.decisionbuddy.controller,UserController.java,Autowiring,Spring Beans,7,->,0.876191
,,,,,Importing,0.3
,,,,,Annotation,0.9
,,,,,Annotation,0.9
,,,,,Annotation,0.9
,,,,,Annotation,0.9
,,,,,Annotation,0.9
main.java.de.uni_hamburg.informatik.swk.masterprojekt.decisionbuddy.controller,MarkupController.java,Autowiring,Spring Beans,6,->,0.866667
,,,,,Importing,0.3
,,,,,Annotation,0.9
main.java.de.uni_hamburg.informatik.swk.masterprojekt.decisionbuddy.controller,DbaRestController.java,Autowiring,Spring Beans,2,->,0.733333
,,,,,Importing,0.3
,,,,,Annotation,0.9
main.java.de.uni_hamburg.informatik.swk.masterprojekt.decisionbuddy.controller,HomeController.java,Autowiring,Spring Beans,2,->,0.733333
,,,,,Importing,0.3
,,,,,Annotation,0.9
,,,,,Annotation,0.9
main.java.de.uni_hamburg.informatik.swk.masterprojekt.decisionbuddy.dao,ElementDesignPatternDAO.java,Direct Query Binding,Spring ORM,3,->,0.8
,,,,,Importing,0.3
,,,,,Annotation,0.9
main.java.de.uni_hamburg.informatik.swk.masterprojekt.decisionbuddy.dao,MetricValueDAO.java,Direct Query Binding,Spring ORM,2,->,0.733333
,,,,,Importing,0.3
,,,,,Annotation,0.9
main.java.de.uni_hamburg.informatik.swk.masterprojekt.decisionbuddy.dao,ElementDAO.java,Direct Query Binding,Spring ORM,2,->,0.733333
,,,,,Importing,0.3
,,,,,Annotation,0.9
main.java.de.uni_hamburg.informatik.swk.masterprojekt.decisionbuddy.dao,SolutionCandidateDAO.java,Direct Query Binding,Spring ORM,2,->,0.733333
,,,,,Importing,0.3
,,,,,Annotation,0.9
,,,,,Annotation,0.9
main.java.de.uni_hamburg.informatik.swk.masterprojekt.decisionbuddy.dao,ElementFrameworkDAO.java,Direct Query Binding,Spring ORM,3,->,0.8
,,,,,Importing,0.3
,,,,,TypeUsage,0.9
,,,,,TypeUsage,0.9
main.java.de.uni_hamburg.informatik.swk.masterprojekt.decisionbuddy.dao,DbaCatalogDAOImpl.java,Establishing direct Database Connection,Java SQL,3,->,0.8
,,,,,TypeUsage,0.9
,,,,,Importing,0.3
,,,,,TypeUsage,0.9
main.java.de.uni_hamburg.informatik.swk.masterprojekt.decisionbuddy.dao,DbaCatalogDAOImpl.java,Session,Hibernate,3,->,0.8
,,,,,Importing,0.3
,,,,,TypeUsage,0.9
,,,,,TypeUsage,0.9
main.java.de.uni_hamburg.informatik.swk.masterprojekt.decisionbuddy.dao,DbaCatalogDAOImpl.java,JDBC Work,Hibernate,3,->,0.8
,,,,,Importing,0.3
,,,,,TypeUsage,0.9
,,,,,TypeUsage,0.9
main.java.de.uni_hamburg.informatik.swk.masterprojekt.decisionbuddy.dao,DbaCatalogDAOImpl.java,Prepared Statements,Java SQL,3,->,0.8
,,,,,Importing,0.3
,,,,,Annotation,0.9
main.java.de.uni_hamburg.informatik.swk.masterprojekt.decisionbuddy.dao,DbaCatalogDAOImpl.java,Persistence Contexts,JPA,2,->,0.733333
,,,,,Importing,0.3
,,,,,TypeUsage,0.9
,,,,,TypeUsage,0.9
main.java.de.uni_hamburg.informatik.swk.masterprojekt.decisionbuddy.dao,DbaCatalogDAOImpl.java,EntityManager,JPA,3,->,0.8
,,,,,Importing,0.3
,,,,,Annotation,0.9
,,,,,Annotation,0.9
,,,,,Annotation,0.9
main.java.de.uni_hamburg.informatik.swk.masterprojekt.decisionbuddy.service,IssueServiceImpl.java,Autowiring,Spring Beans,4,->,0.833333
,,,,,Importing,0.3
,,,,,Annotation,0.9
main.java.de.uni_hamburg.informatik.swk.masterprojekt.decisionbuddy.service,ElementServiceImpl.java,Autowiring,Spring Beans,2,->,0.733333
,,,,,Importing,0.3
,,,,,Annotation,0.9
main.java.de.uni_hamburg.informatik.swk.masterprojekt.decisionbuddy.service,ElementMetricServiceImpl.java,Autowiring,Spring Beans,2,->,0.733333
,,,,,Importing,0.3
,,,,,Annotation,0.9
main.java.de.uni_hamburg.informatik.swk.masterprojekt.decisionbuddy.service,SolutionCandidateServiceImpl.java,Autowiring,Spring Beans,2,->,0.733333
,,,,,Importing,0.3
,,,,,Annotation,0.9
,,,,,Annotation,0.9
,,,,,Annotation,0.9
,,,,,Annotation,0.9
,,,,,Annotation,0.9
,,,,,Annotation,0.9
main.java.de.uni_hamburg.informatik.swk.masterprojekt.decisionbuddy.service,SolutionServiceImpl.java,Autowiring,Spring Beans,7,->,0.876191
,,,,,Importing,0.3
,,,,,Annotation,0.9
main.java.de.uni_hamburg.informatik.swk.masterprojekt.decisionbuddy.service,UserServiceImpl.java,Autowiring,Spring Beans,2,->,0.733333
,,,,,Importing,0.3
,,,,,Annotation,0.9
main.java.de.uni_hamburg.informatik.swk.masterprojekt.decisionbuddy.service,ElementDesignPatternServiceImpl.java,Autowiring,Spring Beans,2,->,0.733333
,,,,,Importing,0.3
,,,,,Annotation,0.9
main.java.de.uni_hamburg.informatik.swk.masterprojekt.decisionbuddy.service,UploadProcessingServiceImpl.java,Autowiring,Spring Beans,2,->,0.733333
,,,,,Importing,0.3
,,,,,Annotation,0.9
,,,,,Annotation,0.9
main.java.de.uni_hamburg.informatik.swk.masterprojekt.decisionbuddy.service,RatingServiceImpl.java,Autowiring,Spring Beans,3,->,0.8
,,,,,Importing,0.3
,,,,,Annotation,0.9
main.java.de.uni_hamburg.informatik.swk.masterprojekt.decisionbuddy.service,AuthorityServiceImpl.java,Autowiring,Spring Beans,2,->,0.733333
,,,,,Importing,0.3
,,,,,Annotation,0.9
main.java.de.uni_hamburg.informatik.swk.masterprojekt.decisionbuddy.service,ElementFrameworkServiceImpl.java,Autowiring,Spring Beans,2,->,0.733333
,,,,,Importing,0.3
,,,,,Annotation,0.9
main.java.de.uni_hamburg.informatik.swk.masterprojekt.decisionbuddy.service.analysisdata.designpattern,DesignPatternComponentServiceImpl.java,Autowiring,Spring Beans,2,->,0.733333
,,,,,Importing,0.3
,,,,,Annotation,0.9
,,,,,Annotation,0.9
,,,,,Annotation,0.9
main.java.de.uni_hamburg.informatik.swk.masterprojekt.decisionbuddy.service.analysisdata.metric,MetricComponentServiceImpl.java,Autowiring,Spring Beans,4,->,0.833333
,,,,,Importing,0.3
,,,,,Annotation,0.9
main.java.de.uni_hamburg.informatik.swk.masterprojekt.decisionbuddy.service.analysisdata.framework,FrameworkComponentServiceImpl.java,Autowiring,Spring Beans,2,->,0.733333
,,,,,Importing,0.3
,,,,,Annotation,0.9
main.java.de.uni_hamburg.informatik.swk.masterprojekt.decisionbuddy.service,ProjectServiceImpl.java,Autowiring,Spring Beans,2,->,0.733333
,,,,,Importing,0.3
,,,,,Annotation,0.9
,,,,,Annotation,0.9
,,,,,Annotation,0.9
main.java.de.uni_hamburg.informatik.swk.masterprojekt.decisionbuddy.service,MetricValueServiceImpl.java,Autowiring,Spring Beans,4,->,0.833333
,,,,,Importing,0.3
,,,,,Annotation,0.9
,,,,,Annotation,0.9
main.java.de.uni_hamburg.informatik.swk.masterprojekt.decisionbuddy.service,CommentServiceImpl.java,Autowiring,Spring Beans,3,->,0.8
,,,,,Importing,0.3
,,,,,Annotation,0.9
main.java.de.uni_hamburg.informatik.swk.masterprojekt.decisionbuddy.service,TechnicalTermServiceImpl.java,Autowiring,Spring Beans,2,->,0.733333
,,,,,Importing,0.3
,,,,,Annotation,0.9
main.java.de.uni_hamburg.informatik.swk.masterprojekt.decisionbuddy.service,MetricServiceImpl.java,Autowiring,Spring Beans,2,->,0.733333
,,,,,Importing,0.3
,,,,,Annotation,0.9
,,,,,Annotation,0.9
,,,,,Annotation,0.9
,,,,,Annotation,0.9
main.java.de.uni_hamburg.informatik.swk.masterprojekt.decisionbuddy.service,ConstraintServiceImpl.java,Autowiring,Spring Beans,5,->,0.853333
,,,,,Importing,0.3
,,,,,Annotation,0.9
main.java.de.uni_hamburg.informatik.swk.masterprojekt.decisionbuddy.service,UserDetailServiceImpl.java,Autowiring,Spring Beans,2,->,0.733333
,,,,,Importing,0.3
,,,,,Annotation,0.9
test.java.de.uni_hamburg.informatik.swk.masterprojekt.test.beans,MenuManagerTest.java,Autowiring,Spring Beans,2,->,0.733333
,,,,,Importing,0.3
,,,,,Annotation,0.9
test.java.de.uni_hamburg.informatik.swk.masterprojekt.test.beans,BreadcrumbManagerTest.java,Autowiring,Spring Beans,2,->,0.733333
,,,,,Importing,0.3
,,,,,Annotation,0.9
test.java.de.uni_hamburg.informatik.swk.masterprojekt.test.util,ImporterFactoryTest.java,Autowiring,Spring Beans,2,->,0.733333
,,,,,Importing,0.3
,,,,,Annotation,0.9
test.java.de.uni_hamburg.informatik.swk.masterprojekt.test.util,ImporterSonargraphTest.java,Autowiring,Spring Beans,2,->,0.733333
,,,,,Importing,0.3
,,,,,Annotation,0.9
,,,,,Annotation,0.9
,,,,,Annotation,0.9
,,,,,Annotation,0.9
test.java.de.uni_hamburg.informatik.swk.masterprojekt.test.util,SolutionRaterTest.java,Autowiring,Spring Beans,5,->,0.853333
,,,,,Importing,0.3
,,,,,Annotation,0.9
,,,,,Annotation,0.9
,,,,,Annotation,0.9
,,,,,Annotation,0.9
,,,,,Annotation,0.9
test.java.de.uni_hamburg.informatik.swk.masterprojekt.test.util,ConstraintProposerTest.java,Autowiring,Spring Beans,6,->,0.866667
,,,,,Importing,0.3
,,,,,Annotation,0.9
test.java.de.uni_hamburg.informatik.swk.masterprojekt.test.util,ImporterDecisionBuddyAnalyzerTest.java,Autowiring,Spring Beans,2,->,0.733333
,,,,,Importing,0.3
,,,,,Annotation,0.9
test.java.de.uni_hamburg.informatik.swk.masterprojekt.test.util,SolutionUsageStatisticsTest.java,Autowiring,Spring Beans,2,->,0.733333
,,,,,Importing,0.3
,,,,,Annotation,0.9
test.java.de.uni_hamburg.informatik.swk.masterprojekt.test.util,ImporterPinotTest.java,Autowiring,Spring Beans,2,->,0.733333
,,,,,Importing,0.3
,,,,,Annotation,0.9
test.java.de.uni_hamburg.informatik.swk.masterprojekt.test.controller,HomeControllerTest.java,Autowiring,Spring Beans,2,->,0.733333
,,,,,Importing,0.3
,,,,,Annotation,0.9
,,,,,Annotation,0.9
test.java.de.uni_hamburg.informatik.swk.masterprojekt.test.controller,CatalogControllerTest.java,Autowiring,Spring Beans,3,->,0.8
,,,,,Importing,0.3
,,,,,Annotation,0.9
,,,,,Annotation,0.9
test.java.de.uni_hamburg.informatik.swk.masterprojekt.test.controller,ConstraintControllerTest.java,Autowiring,Spring Beans,3,->,0.8
,,,,,Importing,0.3
,,,,,Annotation,0.9
,,,,,Annotation,0.9
,,,,,Annotation,0.9
test.java.de.uni_hamburg.informatik.swk.masterprojekt.test.controller,ProjectControllerTest.java,Autowiring,Spring Beans,4,->,0.833333
,,,,,Importing,0.3
,,,,,Annotation,0.9
,,,,,Annotation,0.9
,,,,,Annotation,0.9
,,,,,Annotation,0.9
,,,,,Annotation,0.9
,,,,,Annotation,0.9
test.java.de.uni_hamburg.informatik.swk.masterprojekt.test.dao,DecisionProcessDAOIntegrationTest.java,Autowiring,Spring Beans,7,->,0.876191
,,,,,Importing,0.3
,,,,,Annotation,0.9
,,,,,Annotation,0.9
,,,,,Annotation,0.9
test.java.de.uni_hamburg.informatik.swk.masterprojekt.test.dao,QualityGoalDAOIntegrationTest.java,Autowiring,Spring Beans,4,->,0.833333
,,,,,Importing,0.3
,,,,,Annotation,0.9
,,,,,Annotation,0.9
test.java.de.uni_hamburg.informatik.swk.masterprojekt.test.dao,DesignPatternDAOIntegrationTest.java,Autowiring,Spring Beans,3,->,0.8
,,,,,Importing,0.3
,,,,,Annotation,0.9
,,,,,Annotation,0.9
,,,,,Annotation,0.9
,,,,,Annotation,0.9
,,,,,Annotation,0.9
,,,,,Annotation,0.9
test.java.de.uni_hamburg.informatik.swk.masterprojekt.test.dao,ConstraintConceptDAOIntegrationTest.java,Autowiring,Spring Beans,7,->,0.876191
,,,,,Importing,0.3
,,,,,Annotation,0.9
,,,,,Annotation,0.9
test.java.de.uni_hamburg.informatik.swk.masterprojekt.test.dao,RefactoringDAOIntegrationTest.java,Autowiring,Spring Beans,3,->,0.8
,,,,,Importing,0.3
,,,,,Annotation,0.9
,,,,,Annotation,0.9
test.java.de.uni_hamburg.informatik.swk.masterprojekt.test.dao,AuthoritiesDAOIntegrationTest.java,Autowiring,Spring Beans,3,->,0.8
,,,,,Importing,0.3
,,,,,Annotation,0.9
,,,,,Annotation,0.9
test.java.de.uni_hamburg.informatik.swk.masterprojekt.test.dao,IssueDAOIntegrationTest.java,Autowiring,Spring Beans,3,->,0.8
,,,,,Importing,0.3
,,,,,Annotation,0.9
,,,,,Annotation,0.9
test.java.de.uni_hamburg.informatik.swk.masterprojekt.test.dao,ArchitecturalPatternDAOIntegrationTest.java,Autowiring,Spring Beans,3,->,0.8
,,,,,Importing,0.3
,,,,,Annotation,0.9
,,,,,Annotation,0.9
,,,,,Annotation,0.9
,,,,,Annotation,0.9
test.java.de.uni_hamburg.informatik.swk.masterprojekt.test.dao,RatingDAOIntegrationTest.java,Autowiring,Spring Beans,5,->,0.853333
,,,,,Importing,0.3
,,,,,Annotation,0.9
test.java.de.uni_hamburg.informatik.swk.masterprojekt.test.dao,ProjectDAOIntegrationTest.java,Autowiring,Spring Beans,2,->,0.733333
,,,,,Importing,0.3
,,,,,Annotation,0.9
,,,,,Annotation,0.9
test.java.de.uni_hamburg.informatik.swk.masterprojekt.test.dao,FrameworkDAOIntegrationTest.java,Autowiring,Spring Beans,3,->,0.8
,,,,,Importing,0.3
,,,,,Annotation,0.9
test.java.de.uni_hamburg.informatik.swk.masterprojekt.test.dao,PropertyDAOIntegrationTest.java,Autowiring,Spring Beans,2,->,0.733333
,,,,,Importing,0.3
,,,,,Annotation,0.9
,,,,,Annotation,0.9
test.java.de.uni_hamburg.informatik.swk.masterprojekt.test.dao,COTSDAOIntegrationTest.java,Autowiring,Spring Beans,3,->,0.8
,,,,,Importing,0.3
,,,,,Annotation,0.9
,,,,,Annotation,0.9
test.java.de.uni_hamburg.informatik.swk.masterprojekt.test.dao,UsersDAOIntegrationTest.java,Autowiring,Spring Beans,3,->,0.8
,,,,,Importing,0.3
,,,,,Annotation,0.9
,,,,,Annotation,0.9
test.java.de.uni_hamburg.informatik.swk.masterprojekt.test.service,ProjectServiceTest.java,Autowiring,Spring Beans,3,->,0.8
,,,,,Importing,0.3
,,,,,Annotation,0.9
,,,,,Annotation,0.9
test.java.de.uni_hamburg.informatik.swk.masterprojekt.test.service,SolutionServiceTest.java,Autowiring,Spring Beans,3,->,0.8
,,,,,Importing,0.3
,,,,,Annotation,0.9
,,,,,Annotation,0.9
test.java.de.uni_hamburg.informatik.swk.masterprojekt.test.service,MetricComponentServiceTest.java,Autowiring,Spring Beans,3,->,0.8
,,,,,Importing,0.3
,,,,,Annotation,0.9
,,,,,Annotation,0.9
,,,,,Annotation,0.9
,,,,,Annotation,0.9
,,,,,Annotation,0.9
test.java.de.uni_hamburg.informatik.swk.masterprojekt.test.service,ConstraintServiceTest.java,Autowiring,Spring Beans,6,->,0.866667
,,,,,Importing,0.3
,,,,,Annotation,0.9
,,,,,Annotation,0.9
test.java.de.uni_hamburg.informatik.swk.masterprojekt.test.service,AuthorityServiceTest.java,Autowiring,Spring Beans,3,->,0.8
,,,,,Importing,0.3
,,,,,Annotation,0.9
,,,,,Annotation,0.9
test.java.de.uni_hamburg.informatik.swk.masterprojekt.test.service,UserServiceTest.java,Autowiring,Spring Beans,3,->,0.8
,,,,,Importing,0.3
,,,,,Annotation,0.9
,,,,,Annotation,0.9
,,,,,Annotation,0.9
test.java.de.uni_hamburg.informatik.swk.masterprojekt.test.service,SolutionCandidateServiceTest.java,Autowiring,Spring Beans,4,->,0.833333
,,,,,Importing,0.3
,,,,,Annotation,0.9
,,,,,Annotation,0.9
,,,,,Annotation,0.9
test.java.de.uni_hamburg.informatik.swk.masterprojekt.test.service,IssueServiceTest.java,Autowiring,Spring Beans,4,->,0.833333
,,,,,Importing,0.3
,,,,,Annotation,0.9
test.java.de.uni_hamburg.informatik.swk.masterprojekt.test.service,UploadProcessingServiceTest.java,Autowiring,Spring Beans,2,->,0.733333
